ts_unix,elapsed_s,ready,cpu_seconds_total,rss_bytes,open_fds,goroutines,heap_alloc_bytes,heap_objects,alloc_bytes_total,gc_seconds_total,in_flight_total,in_flight[page],messages_total
1785087093.864,0.0,1.0,6.268547,,11.0,148.0,68362360.0,295401.0,1972871176.0,1.427506,0.0,0.0,82289.0
1785087094.87,1.006,1.0,6.634732,,1683.0,2366.0,55421376.0,274349.0,2095419336.0,1.607183,26.0,26.0,88316.0
1785087095.871,2.007,1.0,6.802437,,1864.0,2001.0,55643016.0,263252.0,2155842024.0,1.774422,0.0,0.0,89917.0
1785087096.873,3.01,1.0,7.444352,,2040.0,2698.0,66253312.0,330782.0,2358783024.0,1.977189,52.0,52.0,98542.0
1785087097.873,4.01,1.0,7.890357,,2224.0,2467.0,65355160.0,316625.0,2512998904.0,2.126761,13.0,13.0,106464.0
1785087098.876,5.012,1.0,8.261532,,2259.0,2425.0,65105008.0,271105.0,2654442736.0,2.280663,4.0,4.0,111124.0
1785087099.877,6.013,1.0,8.676476,,2300.0,2769.0,47859040.0,209951.0,2789823792.0,2.515453,30.0,30.0,117942.0
1785087100.878,7.014,1.0,9.311303,,2559.0,2850.0,45475120.0,165210.0,2993351432.0,2.625952,3.0,3.0,126247.0
1785087101.879,8.015,1.0,9.766218,,2581.0,3845.0,67813160.0,317780.0,3139353256.0,2.885285,2.0,2.0,131436.0
1785087102.882,9.019,1.0,10.412206,,2608.0,3318.0,74353248.0,336220.0,3354693392.0,3.155718,113.0,113.0,140631.0
1785087103.885,10.021,1.0,10.703109,,2988.0,6078.0,72397552.0,334084.0,3452541728.0,3.292408,128.0,128.0,143964.0
1785087104.886,11.022,1.0,11.113696,,3123.0,3265.0,63010584.0,248639.0,3597929168.0,3.363523,3.0,3.0,150507.0
1785087105.889,12.025,1.0,11.827245,,3259.0,4290.0,97899312.0,475846.0,3829902520.0,3.551911,18.0,18.0,162271.0
1785087106.891,13.027,1.0,12.429328,,3427.0,3745.0,62171288.0,254301.0,4047009728.0,3.8254,19.0,19.0,169501.0
1785087107.894,14.03,1.0,12.710697,,3514.0,4265.0,99452328.0,485482.0,4155175536.0,3.879834,6.0,6.0,174116.0
1785087108.895,15.031,1.0,13.267705,,3537.0,3808.0,114553656.0,523476.0,4310591256.0,3.94884,7.0,7.0,180606.0
1785087109.898,16.034,1.0,13.734996,,3547.0,3756.0,71633808.0,300961.0,4444325656.0,4.143567,26.0,26.0,186306.0
1785087110.905,17.042,1.0,14.838295,,3695.0,4450.0,95082288.0,381783.0,4770632736.0,4.465599,8.0,8.0,200745.0
1785087112.209,18.345,1.0,15.025678,,3696.0,4196.0,90163312.0,407683.0,4825167872.0,4.471277,7.0,7.0,202633.0
1785087113.211,19.348,1.0,16.114327,,3706.0,3842.0,54018456.0,186708.0,5139289496.0,4.566624,0.0,0.0,216028.0
1785087114.213,20.349,1.0,17.415266,,3715.0,3936.0,97568432.0,459556.0,5480263264.0,4.586973,4.0,4.0,230663.0
1785087115.218,21.354,1.0,18.021471,,3763.0,4108.0,108553496.0,523879.0,5700428568.0,4.891042,41.0,41.0,240086.0
1785087116.223,22.359,1.0,18.758547,,4040.0,4252.0,102166592.0,467593.0,5918533776.0,4.985084,11.0,11.0,249295.0
1785087117.223,23.36,1.0,19.196161,,4043.0,4179.0,55693808.0,187772.0,6063120976.0,5.082924,0.0,0.0,255478.0
1785087118.224,24.36,1.0,20.190027,,4115.0,6065.0,113994096.0,439831.0,6399104448.0,5.594821,9.0,9.0,272750.0
1785087119.396,25.532,1.0,20.705082,,4238.0,5067.0,117456160.0,558709.0,6553230440.0,5.686553,49.0,49.0,276627.0
1785087120.396,26.532,1.0,21.482666,,4426.0,5580.0,132531864.0,630797.0,6834983784.0,5.992685,4.0,4.0,291273.0
1785087121.545,27.682,1.0,21.765651,,4496.0,4675.0,95055984.0,401983.0,6912048680.0,5.997197,0.0,0.0,291447.0
1785087122.546,28.682,1.0,22.41677,,4505.0,5496.0,116286088.0,541593.0,7087750768.0,6.067709,15.0,15.0,301441.0
1785087123.548,29.684,1.0,22.902908,,4507.0,4752.0,118408344.0,555195.0,7184012088.0,6.112932,1.0,1.0,303117.0
1785087124.549,30.686,1.0,23.882813,,4665.0,5845.0,127729680.0,539056.0,7489001480.0,6.501362,74.0,74.0,316933.0
1785087125.559,31.695,1.0,24.409888,,4720.0,5983.0,135929608.0,563091.0,7631915304.0,6.700811,69.0,69.0,327610.0
1785087127.015,33.151,1.0,24.911415,,4934.0,5586.0,129277768.0,595012.0,7789164688.0,6.787899,51.0,51.0,328718.0
1785087128.018,34.155,1.0,25.528242,,5014.0,5166.0,101826640.0,409303.0,7982598984.0,6.865172,1.0,1.0,336858.0
1785087129.019,35.155,1.0,26.451787,,5068.0,5960.0,127699312.0,585688.0,8324638256.0,7.0037,18.0,18.0,351595.0
1785087130.02,36.156,1.0,27.067998,,5127.0,6756.0,144463936.0,679595.0,8559602072.0,7.160617,23.0,23.0,365583.0
1785087131.023,37.159,1.0,27.755304,,5179.0,5566.0,120672128.0,403864.0,8755634664.0,7.190333,1.0,1.0,371061.0
1785087132.028,38.164,1.0,28.718885,,5180.0,5845.0,146953272.0,672837.0,9091154016.0,7.346723,126.0,126.0,384853.0
1785087133.031,39.168,1.0,29.267955,,5321.0,5472.0,114267216.0,442041.0,9287074816.0,7.397565,2.0,2.0,392091.0
1785087134.039,40.175,1.0,29.74583,,5328.0,5698.0,136582144.0,599551.0,9397583456.0,7.482948,4.0,4.0,397953.0
1785087135.04,41.176,1.0,30.189617,,5393.0,5754.0,126214016.0,545793.0,9513712080.0,7.579395,0.0,0.0,401619.0
1785087136.042,42.178,1.0,30.926966,,5398.0,6691.0,151897744.0,510351.0,9713094200.0,7.751996,97.0,97.0,410213.0
1785087137.042,43.178,1.0,31.73647,,5598.0,6371.0,169097512.0,669487.0,9936340624.0,7.939789,83.0,83.0,419495.0
1785087138.044,44.18,1.0,32.448861,,5599.0,5883.0,141771088.0,635680.0,10123306456.0,7.989293,77.0,77.0,427461.0
1785087139.045,45.181,1.0,32.845039,,5754.0,10526.0,122653712.0,520475.0,10244813768.0,8.041464,18.0,18.0,431826.0
1785087140.046,46.182,1.0,33.328896,,5971.0,7083.0,181163952.0,740237.0,10375897672.0,8.073898,22.0,22.0,437568.0
1785087141.047,47.183,1.0,34.233084,,6004.0,6286.0,134463512.0,575826.0,10641290928.0,8.203434,6.0,6.0,448929.0
1785087142.047,48.183,1.0,34.955372,,6110.0,6247.0,89628816.0,248840.0,10884997496.0,8.218,1.0,1.0,458867.0
1785087143.049,49.186,1.0,36.587097,,6110.0,6248.0,139638232.0,606242.0,11258494104.0,8.220931,0.0,0.0,474958.0
1785087144.051,50.187,1.0,37.60654,,6110.0,6301.0,136906512.0,591500.0,11574121632.0,8.263155,2.0,2.0,488576.0
1785087145.051,51.187,1.0,39.25325,,6245.0,6666.0,175417928.0,811395.0,12074707552.0,8.491476,16.0,16.0,510500.0
1785087146.616,52.752,1.0,39.575343,,6259.0,6592.0,114343376.0,442572.0,12179005104.0,8.529662,35.0,35.0,514024.0
1785087147.621,53.757,1.0,40.012494,,6262.0,6589.0,129571080.0,531208.0,12275057904.0,8.586476,7.0,7.0,518131.0
1785087148.626,54.762,1.0,41.337604,,6337.0,7461.0,154217912.0,507572.0,12610313400.0,8.82928,105.0,105.0,532331.0
1785087149.97,56.106,1.0,41.364803,,6337.0,7380.0,159912560.0,568913.0,12621126256.0,8.82928,86.0,86.0,532809.0
1785087150.972,57.109,1.0,42.30756,,6440.0,7505.0,154451272.0,687789.0,12935164072.0,8.910195,100.0,100.0,550920.0
1785087152.604,58.74,1.0,43.898903,,6685.0,8132.0,176360256.0,836567.0,13357887984.0,9.471148,20.0,20.0,564668.0
1785087153.822,59.958,1.0,44.143625,,6688.0,7502.0,206120024.0,929052.0,13407835080.0,9.473446,4.0,4.0,566310.0
1785087154.825,60.962,1.0,44.599936,,6690.0,6826.0,109416744.0,388868.0,13519166328.0,9.480403,0.0,0.0,570961.0
1785087155.828,61.965,1.0,44.602268,,6690.0,6826.0,110410120.0,392613.0,13520159704.0,9.480403,0.0,0.0,570961.0
